{
    "model": "XGBoost",
    "accuracy": 0.8523421588594705,
    "classification_report": {
        "0": {
            "precision": 0.9693034238488784,
            "recall": 0.8734042553191489,
            "f1-score": 0.9188584219362059,
            "support": 940.0
        },
        "1": {
            "precision": 0.11851851851851852,
            "recall": 0.38095238095238093,
            "f1-score": 0.1807909604519774,
            "support": 42.0
        },
        "accuracy": 0.8523421588594705,
        "macro avg": {
            "precision": 0.5439109711836985,
            "recall": 0.6271783181357649,
            "f1-score": 0.5498246911940916,
            "support": 982.0
        },
        "weighted avg": {
            "precision": 0.9329154747410625,
            "recall": 0.8523421588594705,
            "f1-score": 0.8872913818319925,
            "support": 982.0
        }
    },
    "confusion_matrix": [
        [
            821,
            119
        ],
        [
            26,
            16
        ]
    ]
}