{
    "model": "XGBoost",
    "accuracy": 0.8543788187372708,
    "classification_report": {
        "0": {
            "precision": 0.9693757361601885,
            "recall": 0.875531914893617,
            "f1-score": 0.9200670765790945,
            "support": 940.0
        },
        "1": {
            "precision": 0.12030075187969924,
            "recall": 0.38095238095238093,
            "f1-score": 0.18285714285714286,
            "support": 42.0
        },
        "accuracy": 0.8543788187372708,
        "macro avg": {
            "precision": 0.5448382440199439,
            "recall": 0.6282421479229989,
            "f1-score": 0.5514621097181187,
            "support": 982.0
        },
        "weighted avg": {
            "precision": 0.9330609201318987,
            "recall": 0.8543788187372708,
            "f1-score": 0.8885367128150191,
            "support": 982.0
        }
    },
    "confusion_matrix": [
        [
            823,
            117
        ],
        [
            26,
            16
        ]
    ]
}